{"cameraMode":{"drawMode":0,"name":"Shaded","section":"Shading Mode"},"sceneLighting":false,"audioPlay":false,"sceneViewState":{"m_AlwaysRefresh":false,"showFog":true,"showSkybox":false,"showFlares":true,"showImageEffects":true,"showParticleSystems":true,"showVisualEffectGraphs":true,"m_FxEnabled":false},"in2DMode":false,"pivot":{"x":-3.7660818099975588,"y":-3.1040358543395998,"z":8.536483764648438},"rotation":{"x":-0.18487021327018739,"y":0.09916738420724869,"z":-0.018739920109510423,"w":-0.9775927662849426},"size":13.02001667022705,"orthographic":false}