{"cameraMode":{"drawMode":0,"name":"Shaded","section":"Shading Mode"},"sceneLighting":false,"audioPlay":false,"sceneViewState":{"m_AlwaysRefresh":false,"showFog":true,"showSkybox":false,"showFlares":true,"showImageEffects":true,"showParticleSystems":true,"showVisualEffectGraphs":true,"m_FxEnabled":true},"in2DMode":false,"pivot":{"x":0.29993435740470889,"y":3.0301496982574465,"z":-5.831989765167236},"rotation":{"x":0.0010360648157075048,"y":-0.9982231855392456,"z":-0.020667538046836854,"w":-0.05872233584523201},"size":5.850094795227051,"orthographic":false}