{"cameraMode":{"drawMode":0,"name":"Shaded","section":"Shading Mode"},"sceneLighting":false,"audioPlay":false,"sceneViewState":{"m_AlwaysRefresh":false,"showFog":true,"showSkybox":false,"showFlares":true,"showImageEffects":true,"showParticleSystems":true,"showVisualEffectGraphs":true,"m_FxEnabled":true},"in2DMode":false,"pivot":{"x":-6.008749961853027,"y":3.5667788982391359,"z":-0.11225038766860962},"rotation":{"x":0.007184939458966255,"y":-0.9136099219322205,"z":-0.01616835407912731,"w":-0.4066283702850342},"size":0.8660253882408142,"orthographic":false}