{"cameraMode":{"drawMode":0,"name":"Shaded","section":"Shading Mode"},"sceneLighting":false,"audioPlay":false,"sceneViewState":{"m_AlwaysRefresh":false,"showFog":true,"showSkybox":false,"showFlares":true,"showImageEffects":true,"showParticleSystems":true,"showVisualEffectGraphs":true,"m_FxEnabled":false},"in2DMode":false,"pivot":{"x":0.015401840209960938,"y":1.182024598121643,"z":0.06675434112548828},"rotation":{"x":0.16553588211536408,"y":-0.4020627439022064,"z":0.07416237145662308,"w":0.8974727392196655},"size":2.213278293609619,"orthographic":false}