{"cameraMode":{"drawMode":0,"name":"Shaded","section":"Shading Mode"},"sceneLighting":false,"audioPlay":false,"sceneViewState":{"m_AlwaysRefresh":false,"showFog":true,"showSkybox":false,"showFlares":true,"showImageEffects":true,"showParticleSystems":true,"showVisualEffectGraphs":true,"m_FxEnabled":false},"in2DMode":false,"pivot":{"x":-0.22960424423217774,"y":0.18630044162273408,"z":0.2614912986755371},"rotation":{"x":0.1372206062078476,"y":0.6905593276023865,"z":-0.13601040840148927,"w":0.6972046494483948},"size":5.104372024536133,"orthographic":false}