{"cameraMode":{"drawMode":0,"name":"Shaded","section":"Shading Mode"},"sceneLighting":false,"audioPlay":false,"sceneViewState":{"m_AlwaysRefresh":false,"showFog":true,"showSkybox":false,"showFlares":true,"showImageEffects":true,"showParticleSystems":true,"showVisualEffectGraphs":true,"m_FxEnabled":false},"in2DMode":false,"pivot":{"x":-0.20745979249477387,"y":-0.011107164435088635,"z":-0.2263166904449463},"rotation":{"x":-0.06898292899131775,"y":0.9249909520149231,"z":-0.2100941389799118,"w":-0.3100086748600006},"size":0.47742152214050295,"orthographic":false}