{"cameraMode":{"drawMode":0,"name":"Shaded","section":"Shading Mode"},"sceneLighting":false,"audioPlay":false,"sceneViewState":{"m_AlwaysRefresh":false,"showFog":true,"showSkybox":false,"showFlares":true,"showImageEffects":true,"showParticleSystems":true,"showVisualEffectGraphs":true,"m_FxEnabled":false},"in2DMode":false,"pivot":{"x":1.0999211072921754,"y":-0.20732881128787995,"z":5.7977142333984379},"rotation":{"x":0.22211061418056489,"y":0.07141909003257752,"z":-0.014689923264086247,"w":0.972614586353302},"size":5.133572578430176,"orthographic":false}