{"cameraMode":{"drawMode":0,"name":"Shaded","section":"Shading Mode"},"sceneLighting":false,"audioPlay":false,"sceneViewState":{"m_AlwaysRefresh":false,"showFog":true,"showSkybox":false,"showFlares":true,"showImageEffects":true,"showParticleSystems":true,"showVisualEffectGraphs":true,"m_FxEnabled":false},"in2DMode":false,"pivot":{"x":-0.18672718107700349,"y":0.6863573789596558,"z":0.0956248864531517},"rotation":{"x":0.014276725240051747,"y":-0.9814779758453369,"z":0.08055426180362702,"w":0.17345546185970307},"size":0.8634190559387207,"orthographic":false}