{"cameraMode":{"drawMode":0,"name":"Shaded","section":"Shading Mode"},"sceneLighting":false,"audioPlay":false,"sceneViewState":{"m_AlwaysRefresh":false,"showFog":true,"showSkybox":false,"showFlares":true,"showImageEffects":true,"showParticleSystems":true,"showVisualEffectGraphs":true,"m_FxEnabled":false},"in2DMode":false,"pivot":{"x":0.02186085283756256,"y":-1.6763806343078614e-8,"z":-0.29310342669487},"rotation":{"x":0.0819685235619545,"y":-0.8996130228042603,"z":0.38342776894569399,"w":0.19232037663459779},"size":0.5490357875823975,"orthographic":false}