{"cameraMode":{"drawMode":0,"name":"Shaded","section":"Shading Mode"},"sceneLighting":false,"audioPlay":false,"sceneViewState":{"m_AlwaysRefresh":false,"showFog":true,"showSkybox":false,"showFlares":true,"showImageEffects":true,"showParticleSystems":true,"showVisualEffectGraphs":true,"m_FxEnabled":false},"in2DMode":false,"pivot":{"x":0.0075893402099609379,"y":0.333822637796402,"z":0.02727910876274109},"rotation":{"x":0.11753519624471665,"y":-0.8451180458068848,"z":0.20761626958847047,"w":0.47840988636016848},"size":0.5654076933860779,"orthographic":false}