{"cameraMode":{"drawMode":0,"name":"Shaded","section":"Shading Mode"},"sceneLighting":false,"audioPlay":false,"sceneViewState":{"m_AlwaysRefresh":false,"showFog":true,"showSkybox":false,"showFlares":true,"showImageEffects":true,"showParticleSystems":true,"showVisualEffectGraphs":true,"m_FxEnabled":false},"in2DMode":false,"pivot":{"x":0.0025773048400878908,"y":3.0042099952697756,"z":-0.08060383796691895},"rotation":{"x":0.10566570609807968,"y":-0.6211631894111633,"z":0.08724290877580643,"w":0.7720711827278137},"size":3.9741666316986086,"orthographic":false}