{"cameraMode":{"drawMode":0,"name":"Shaded","section":"Shading Mode"},"sceneLighting":false,"audioPlay":false,"sceneViewState":{"m_AlwaysRefresh":false,"showFog":true,"showSkybox":false,"showFlares":true,"showImageEffects":true,"showParticleSystems":true,"showVisualEffectGraphs":true,"m_FxEnabled":false},"in2DMode":false,"pivot":{"x":-4.881008625030518,"y":2.0136570930480959,"z":-16.701810836791993},"rotation":{"x":-0.0028241423424333336,"y":0.9915159940719605,"z":-0.02171510085463524,"w":-0.12832094728946687},"size":13.504859924316407,"orthographic":false}