{"cameraMode":{"drawMode":0,"name":"Shaded","section":"Shading Mode"},"sceneLighting":false,"audioPlay":false,"sceneViewState":{"m_AlwaysRefresh":false,"showFog":true,"showSkybox":false,"showFlares":true,"showImageEffects":true,"showParticleSystems":true,"showVisualEffectGraphs":true,"m_FxEnabled":true},"in2DMode":false,"pivot":{"x":13.842841148376465,"y":1.4466854333877564,"z":-8.995441436767579},"rotation":{"x":-0.019260168075561525,"y":-0.8821141123771668,"z":0.03597334399819374,"w":-0.46965494751930239},"size":9.497396469116211,"orthographic":false}